SourceSite,SiteName
https://us.eyonespace.ey.com/Sites/f8151001268342838b959d7f33ed2e29,f8151001268342838b959d7f33ed2e29	
https://eyonespace.ey.com/Sites/fe1527d7f0e7466ea3f11c51beeaa97e,fe1527d7f0e7466ea3f11c51beeaa97e	
https://us.eyonespace.ey.com/Sites/eb3c0602f35f4adf9336638e4bf02d34,eb3c0602f35f4adf9336638e4bf02d34	
https://us.tdm.ey.net/sites/0899cb2fb0be428aaefafd26ad7293bc,0899cb2fb0be428aaefafd26ad7293bc	
https://us.tdm.ey.net/sites/5afc1e13eac141aaa518d70b34a0fbff,5afc1e13eac141aaa518d70b34a0fbff	
https://us.tdm.ey.net/sites/aea2edb2c272474392bb04b3fe9b8ba4,aea2edb2c272474392bb04b3fe9b8ba4	
https://au.eyonespace.ey.com/sites/bec2c75acc064e7c92802eb4ec130696,bec2c75acc064e7c92802eb4ec130696	
https://au.eyonespace.ey.com/sites/9c1406ee533445ff8cee535f70a1c8b7,9c1406ee533445ff8cee535f70a1c8b7	
https://au.eyonespace.ey.com/sites/883137a81f7c4597a0d19993528686a7,883137a81f7c4597a0d19993528686a7	
https://au.eyonespace.ey.com/sites/e11b50f513574fe69abf6202fa1c4154,e11b50f513574fe69abf6202fa1c4154	
https://au.eyonespace.ey.com/sites/c7946b3f89244d988e2c9510a3624c47,c7946b3f89244d988e2c9510a3624c47	
