Source;Destination;Id1;SourceURL;Id2;DestinationURL;		
1spoInventoryS.csv;1spopInventoryD.csv;1;https://eyus.sharepoint.com/sites/eyimdUSA-0003005-C;1;https://us.eyonespace.ey.com/sites/fb0399ad28e0408b9573f657feb3ee30;
2spoInventoryS.csv;2spopInventoryD.csv;2;https://eyapc.sharepoint.com/sites/eyimdSGP-0001118-C;2;https://eyonespace.ey.com/sites/37992d11ff1e41db86f33aa90d84c707;
3spoInventoryS.csv;3spopInventoryD.csv;3;https://eyaustralia.sharepoint.com/sites/eyimdAUS-0002408-MC;3;https://au.eyonespace.ey.com/sites/7c2497b893fb49c18ce3c2b22f85b276;
4spoInventoryS.csv;4spopInventoryD.csv;4;https://eyaustralia.sharepoint.com/sites/eyimdAUS-0034008-MM;4;https://au.eyonespace.ey.com/sites/28819203a37343eaa3ca25a9772c714b;
5spoInventoryS.csv;5spopInventoryD.csv;5;https://eyaustralia.sharepoint.com/sites/eyimdAUS-0034388-MM;5;https://au.eyonespace.ey.net/sites/b1ee388598c54b5eaaea7e84010f3af4;
6spoInventoryS.csv;6spopInventoryD.csv;6;https://eyaustralia.sharepoint.com/sites/eyimdAUS-0035862-MM;6;https://au.eyonespace.ey.com/sites/e5ca8107e7e44b95bf9a7c31eec05a2f;
7spoInventoryS.csv;7spopInventoryD.csv;7;https://eyaustralia.sharepoint.com/sites/eyimdAUS-0036424-MM;7;https://au.eyonespace.ey.com/sites/b95c62346b5c458798e2a7c51e28c5fd;
8spoInventoryS.csv;8spopInventoryD.csv;8;https://eyaustralia.sharepoint.com/sites/eyimdAUS-0050484-MM;8;https://au.eyonespace.ey.net/sites/e998dbaec42d464aa86e0a14d6ed582e;
9spoInventoryS.csv;9spopInventoryD.csv;9;https://eyaustralia.sharepoint.com/sites/eyimdAUS-0050487-MM;9;https://au.eyonespace.ey.net/sites/33ee77184a064c748fa2e3eda4a60a39;
10spoInventoryS.csv;10spopInventoryD.csv;10;https://eyaustralia.sharepoint.com/sites/eyimdAUS-0050489-MM;10;https://au.eyonespace.ey.net/sites/d123d4099d0e4432bf2e23758a3aebd7;
11spoInventoryS.csv;11spopInventoryD.csv;11;https://eyaustralia.sharepoint.com/sites/eyimdAUS-0050491-MM;11;https://au.eyonespace.ey.net/sites/c8261415ce8a415a969ec81265f55dc9;
12spoInventoryS.csv;12spopInventoryD.csv;12;https://eyaustralia.sharepoint.com/sites/eyimdAUS-0050492-MM;12;https://au.eyonespace.ey.net/sites/d4f728130d494b39911bc8a57d0bc9f1;
13spoInventoryS.csv;13spopInventoryD.csv;13;https://eyaustralia.sharepoint.com/sites/eyimdAUS-0050496-MM;13;https://au.eyonespace.ey.com/sites/b11810dc6acc42429d86fcf8c52cf7b3;
14spoInventoryS.csv;14spopInventoryD.csv;14;https://eyaustralia.sharepoint.com/sites/eyimdAUS-0050540-MM;14;https://au.eyonespace.ey.net/sites/3c9e95e84a9f47f6a2dde3bede420d1d;
15spoInventoryS.csv;15spopInventoryD.csv;15;https://eygermany.sharepoint.com/sites/eyimdBRA-0021646-MM;15;https://tdm.ey.net/sites/fa8e97285cc24c08a9fd792d8aac3df4;
16spoInventoryS.csv;16spopInventoryD.csv;16;https://eygermany.sharepoint.com/sites/eyimdISR-0023173-MM;16;https://tdm.ey.net/sites/039fa81fe02e4e75904300d393dedda9;
17spoInventoryS.csv;17spopInventoryD.csv;17;https://eygermany.sharepoint.com/sites/eyimdISR-0023723-MM;17;https://tdm.ey.net/sites/47d1f5b5ffd94fa1bbabdd2d6c95493a;
18spoInventoryS.csv;18spopInventoryD.csv;18;https://eygermany.sharepoint.com/sites/eyimdROU-0015034-MC;18;https://eyonespace.ey.com/sites/d6b17233007748e38de7da8de196c280;
19spoInventoryS.csv;19spopInventoryD.csv;19;https://eygermany.sharepoint.com/sites/eyimdISR-0025554-MM;19;https://tdm.ey.net/sites/d17669c7a78548e7bf30407bd0ce3a6c;
20spoInventoryS.csv;20spopInventoryD.csv;20;https://eygermany.sharepoint.com/sites/eyimdISR-0025726-MM;20;https://tdm.ey.net/sites/e34b2256b3844f8a825025168f9dbcfa;
21spoInventoryS.csv;21spopInventoryD.csv;21;https://eygermany.sharepoint.com/sites/eyimdROU-0009915-MM;21;https://tdm.ey.net/sites/139de447fbb046109dc7dd7f0a2d4ed8;
22spoInventoryS.csv;22spopInventoryD.csv;22;https://eygermany.sharepoint.com/sites/eyimdROU-0014902-MC;22;https://eyonespace.ey.com/sites/9121cac24dbe4394ac00f2d4f05e2267;
23spoInventoryS.csv;23spopInventoryD.csv;23;https://eygermany.sharepoint.com/sites/eyimdROU-0015035-MC;23;https://eyonespace.ey.com/sites/0028c908d08f4a849f4d9a6729b3c879;
24spoInventoryS.csv;24spopInventoryD.csv;24;https://eygermany.sharepoint.com/sites/eyimdROU-0015413-MC;24;https://eyonespace.ey.com/sites/a518c1d03fa142218a400deb1bd2a5af;
25spoInventoryS.csv;25spopInventoryD.csv;25;https://eygermany.sharepoint.com/sites/eyimdROU-0015422-MC;25;https://eyonespace.ey.com/sites/b51fa3ceca4842e399c692a149592728;
26spoInventoryS.csv;26spopInventoryD.csv;26;https://sites.ey.com/sites/eyimdISR-0009493-MC;26;https://eyonespace.ey.com/sites/84baeb6ff5be4c0cb40656c384609d33;
27spoInventoryS.csv;27spopInventoryD.csv;27;https://eygermany.sharepoint.com/sites/eyimdROU-0015424-MC;27;https://eyonespace.ey.com/sites/408fbd9d78484868b1830ce63e484fcd;
28spoInventoryS.csv;28spopInventoryD.csv;28;https://eygermany.sharepoint.com/sites/eyimdROU-0027288-MM;28;https://tdm.ey.net/sites/2f79ced895254cdab0623c91dc227b51;
29spoInventoryS.csv;29spopInventoryD.csv;29;https://eygermany.sharepoint.com/sites/eyimdROU-0027435-MM;29;https://tdm.ey.net/sites/4bbe77b5e20a49d5a473f5c4fd81ec84;
30spoInventoryS.csv;30spopInventoryD.csv;30;https://eygermany.sharepoint.com/sites/eyimdROU-0027447-MM;30;https://tdm.ey.net/sites/4ccd3de2ecde45a691984f7ce8c6a84a;
31spoInventoryS.csv;31spopInventoryD.csv;31;https://eygermany.sharepoint.com/sites/eyimdROU-0027597-MM;31;https://tdm.ey.net/sites/9aef6c503ccb4945926c12fc442fdbf0;
32spoInventoryS.csv;32spopInventoryD.csv;32;https://eygermany.sharepoint.com/sites/eyimdROU-0027713-MM;32;https://tdm.ey.net/sites/ac98cf70ceb14c9ba9c6a1ab06c5aac6;
33spoInventoryS.csv;33spopInventoryD.csv;33;https://eygermany.sharepoint.com/sites/eyimdROU-0027745-MM;33;https://tdm.ey.net/sites/b2257c17544a405199d4cb4e7452b8a7;
34spoInventoryS.csv;34spopInventoryD.csv;34;https://eygermany.sharepoint.com/sites/eyimdROU-0027759-MM;34;https://tdm.ey.net/sites/b90647aac3a74fde86aad8913bab3dc5;
35spoInventoryS.csv;35spopInventoryD.csv;35;https://eygermany.sharepoint.com/sites/eyimdROU-0027808-MM;35;https://tdm.ey.net/sites/dad6a44ad03a4ed99d599bb24b3f3332;
36spoInventoryS.csv;36spopInventoryD.csv;36;https://eygermany.sharepoint.com/sites/eyimdROU-0027945-MM;36;https://tdm.ey.net/sites/f496dcc9f0de4081baeeba7e2680c323;
37spoInventoryS.csv;37spopInventoryD.csv;37;https://eyus.sharepoint.com/sites/eyimdUSA-0017175-MC;37;https://us.eyonespace.ey.com/sites/371213669b7846fdb44df5c80edfac9e;
38spoInventoryS.csv;38spopInventoryD.csv;38;https://eyus.sharepoint.com/sites/eyimdUSA-0019460-MC;38;https://us.eyonespace.ey.com/sites/1a519d8a7adc4229aa8819845cc10309;
39spoInventoryS.csv;39spopInventoryD.csv;39;https://eyus.sharepoint.com/sites/eyimdUSA-0021877-MC;39;https://us.eyonespace.ey.com/sites/9acceb359c974409a3d844fc433cf22b;
40spoInventoryS.csv;40spopInventoryD.csv;40;https://eyus.sharepoint.com/sites/eyimdUSA-2000191-MC;40;https://us.eyonespace.ey.com/sites/94028477198f4ae39e5e9a8eb5f5011f;
41spoInventoryS.csv;41spopInventoryD.csv;41;https://sites.ey.com/sites/eyimdBEL-0013936-MC;41;https://eyonespace.ey.com/sites/fb2d56913e154924b9eabc2a1bff9f13;
42spoInventoryS.csv;42spopInventoryD.csv;42;https://eyaustralia.sharepoint.com/sites/eyimdAUS-0001150-MC;42;https://au.eyonespace.ey.com/sites/6b5b59114da3494b9133e0b5aae3a081;
43spoInventoryS.csv;43spopInventoryD.csv;43;https://eyaustralia.sharepoint.com/sites/eyimdAUS-0001211-MC;43;https://au.eyonespace.ey.com/sites/959a8c97c1c441cd8fcf11108d148a11;
44spoInventoryS.csv;44spopInventoryD.csv;44;https://eyaustralia.sharepoint.com/sites/eyimdAUS-0001215-MC;44;https://au.eyonespace.ey.com/sites/e5d9feb24fb34d69b846ceae433c4e1a;
45spoInventoryS.csv;45spopInventoryD.csv;45;https://sites.ey.com/sites/eyimdBEL-0023706-MM;45;https://tdm.ey.net/sites/e0f7de6d59c240b8a52cf13847293f02;
46spoInventoryS.csv;46spopInventoryD.csv;46;https://sites.ey.com/sites/eyimdBRA-0003660-C;46;https://eyonespace.ey.com/sites/14fb6e5534734a0084a6aae174a1a807;
