Id;DestinationSite;
1;https://us.eyonespace.ey.com/Sites/f8151001268342838b959d7f33ed2e29	
2;https://eyonespace.ey.com/Sites/fe1527d7f0e7466ea3f11c51beeaa97e	
3;https://us.eyonespace.ey.com/Sites/eb3c0602f35f4adf9336638e4bf02d34	
4;https://us.tdm.ey.net/sites/0899cb2fb0be428aaefafd26ad7293bc	
5;https://us.tdm.ey.net/sites/5afc1e13eac141aaa518d70b34a0fbff	
6;https://us.tdm.ey.net/sites/aea2edb2c272474392bb04b3fe9b8ba4
7;https://au.eyonespace.ey.com/sites/bec2c75acc064e7c92802eb4ec130696	
8;https://au.eyonespace.ey.com/sites/9c1406ee533445ff8cee535f70a1c8b7	
9;https://au.eyonespace.ey.com/sites/883137a81f7c4597a0d19993528686a7	
10;https://au.eyonespace.ey.com/sites/e11b50f513574fe69abf6202fa1c4154	
11;https://au.eyonespace.ey.com/sites/c7946b3f89244d988e2c9510a3624c47
