https://eygermany.sharepoint.com/sites/eyimdARG-0017357-MM;

https://eyapc.sharepoint.com/sites/eyimdPHL-0000184-C;

https://eygermany.sharepoint.com/sites/eyimdCOL-0013461-MC;

https://eyapc.sharepoint.com/sites/eyimdVNM-0022696-MC;

https://eyapc.sharepoint.com/sites/eyimdSGP-0001115-C;

https://eygermany.sharepoint.com/sites/eyimdCOL-0001139-C;

https://eyus.sharepoint.com/sites/eyimdUSA-0022269-MC;

https://eyapc.sharepoint.com/sites/eyimdIDN-0017211-MC;

https://eyus.sharepoint.com/sites/eyimdUSA-2019267-MC;

https://eyindia.sharepoint.com/sites/eyimdIND-0000806-MC;

https://eyindia.sharepoint.com/sites/eyimdIND-0000900-MC;

https://eyus.sharepoint.com/sites/eyimdUSA-0013969-C;

https://eyus.sharepoint.com/sites/eyimdUSA-0003361-C;

https://eyus.sharepoint.com/sites/eyimdUSA-0015007-C;

https://eyus.sharepoint.com/sites/eyimdUSA-2006676-MC;

https://eyaustralia.sharepoint.com/sites/eyimdAUS-0002559-MC;

https://eyus.sharepoint.com/sites/eyimdUSA-2004920-MC;

https://eyus.sharepoint.com/sites/eyimdUSA-0005363-C;

https://eyus.sharepoint.com/sites/eyimdUSA-0006445-C;

https://eyaustralia.sharepoint.com/sites/eyimdAUS-0023049-MM;

https://eyaustralia.sharepoint.com/sites/eyimdAUS-0013732-MM;

https://eyaustralia.sharepoint.com/sites/eyimdAUS-0004565-MM;

https://eygb.sharepoint.com/sites/eyimdGBR-0008794-MM;

https://eyus.sharepoint.com/sites/eyimdUSA-2003481-MC;

https://eyaustralia.sharepoint.com/sites/eyimdAUS-0005750-MC;

https://eyus.sharepoint.com/sites/eyimdUSA-2020680-MC;